{"client_secret": "YyAq-OfiWefmWN7MdQupdfdQ", "id_token_jwt": null, "access_token": "ya29.GluFBgiD8wsxRwQa2rLrLrt0Olpm60EzaZ3_yS_h88YXXywEcKhzAHBfyXBLTXSBLlPbRzlnzJ8V3pabRCWFsPtOWQFlgZOthN6XCJtGTy0AR72s3hh9uOtOZC0q", "refresh_token": "1/3wap9caoOrd4eMt9jVLYESzkyPK361iUBdper1ygd8I", "invalid": false, "token_uri": "https://www.googleapis.com/oauth2/v3/token", "_class": "OAuth2Credentials", "token_info_uri": "https://oauth2.googleapis.com/tokeninfo", "scopes": ["https://www.googleapis.com/auth/drive"], "token_expiry": "2019-01-02T08:04:24Z", "revoke_uri": "https://oauth2.googleapis.com/revoke", "client_id": "407696577150-2arr6fsu6bi4uroi71r7cenuaep931es.apps.googleusercontent.com", "user_agent": null, "token_response": {"token_type": "Bearer", "access_token": "ya29.GluFBgiD8wsxRwQa2rLrLrt0Olpm60EzaZ3_yS_h88YXXywEcKhzAHBfyXBLTXSBLlPbRzlnzJ8V3pabRCWFsPtOWQFlgZOthN6XCJtGTy0AR72s3hh9uOtOZC0q", "refresh_token": "1/3wap9caoOrd4eMt9jVLYESzkyPK361iUBdper1ygd8I", "scope": "https://www.googleapis.com/auth/drive", "expires_in": 3600}, "id_token": null, "_module": "oauth2client.client"}
